<?xml version="1.0" encoding="UTF-8" ?>
<ExecutionLogModel>
<LogEvent level="INFO" time="2025-07-25T07:27:02Z" shapename="shape3" shapetype="Notify" shapelabel="Log execution information" shapeextendedinfo="" originaldocids="i0i">
<Message>Executing Notify Shape with document IDs: i0i</Message>
</LogEvent>
<LogEvent level="INFO" time="2025-07-25T07:27:02Z" shapename="shape3" shapetype="Notify" shapelabel="Log execution information" shapeextendedinfo="" originaldocids="i0i">
<Message>: Runtime Name: aksusprodtest01-atom-cloud
Process Name: Test Process - Log Execution
Execution ID: execution-d7da2acf-a5cf-4938-a62d-233c2f93a479-2025.07.25
Current Date/Time: 2025-07-25T07:27:02</Message>
</LogEvent>
<LogEvent level="INFO" time="2025-07-25T07:27:02Z" shapename="shape4" shapetype="Stop" shapelabel="" shapeextendedinfo="continuing process" originaldocids="i0i">
<Message>Executing Stop Shape with document IDs: i0i</Message>
</LogEvent>
</ExecutionLogModel>
